"tour_category","tourpurp","bin","num"
"MANDATORY","School",-1,8521
"MANDATORY","School",0,129875
"MANDATORY","School",1,74613
"MANDATORY","School",2,67983
"MANDATORY","School",3,59914
"MANDATORY","School",4,42261
"MANDATORY","School",5,26116
"MANDATORY","School",6,14307
"MANDATORY","School",7,7904
"MANDATORY","School",8,4902
"MANDATORY","School",9,3496
"MANDATORY","School",10,2774
"MANDATORY","School",11,2337
"MANDATORY","School",12,2043
"MANDATORY","School",13,1677
"MANDATORY","School",14,1442
"MANDATORY","School",15,1334
"MANDATORY","School",16,1177
"MANDATORY","School",17,1168
"MANDATORY","School",18,1069
"MANDATORY","School",19,969
"MANDATORY","School",20,893
"MANDATORY","School",21,905
"MANDATORY","School",22,847
"MANDATORY","School",23,840
"MANDATORY","School",24,726
"MANDATORY","School",25,705
"MANDATORY","School",26,604
"MANDATORY","School",27,666
"MANDATORY","School",28,556
"MANDATORY","School",29,516
"MANDATORY","School",30,430
"MANDATORY","School",31,380
"MANDATORY","School",32,321
"MANDATORY","School",33,261
"MANDATORY","School",34,250
"MANDATORY","School",35,201
"MANDATORY","School",36,162
"MANDATORY","School",37,146
"MANDATORY","School",38,114
"MANDATORY","School",39,74
"MANDATORY","School",40,77
"MANDATORY","School",41,58
"MANDATORY","School",42,48
"MANDATORY","School",43,43
"MANDATORY","School",44,20
"MANDATORY","School",45,23
"MANDATORY","School",46,22
"MANDATORY","School",47,22
"MANDATORY","School",48,16
"MANDATORY","School",49,10
"MANDATORY","School",50,11
"MANDATORY","School",51,9
"MANDATORY","School",52,6
"MANDATORY","School",53,6
"MANDATORY","School",54,3
"MANDATORY","School",55,3
"MANDATORY","School",56,2
"MANDATORY","School",57,1
"MANDATORY","School",58,2
"MANDATORY","School",59,4
"MANDATORY","School",60,3
"MANDATORY","School",61,1
"MANDATORY","School",62,1
"MANDATORY","School",63,2
"MANDATORY","School",64,1
"MANDATORY","School",65,2
"MANDATORY","School",66,1
"MANDATORY","School",67,3
"MANDATORY","School",68,1
"MANDATORY","School",69,1
"MANDATORY","University",-1,3287
"MANDATORY","University",0,13134
"MANDATORY","University",1,5621
"MANDATORY","University",2,2968
"MANDATORY","University",3,2078
"MANDATORY","University",4,1568
"MANDATORY","University",5,1329
"MANDATORY","University",6,1061
"MANDATORY","University",7,861
"MANDATORY","University",8,721
"MANDATORY","University",9,671
"MANDATORY","University",10,562
"MANDATORY","University",11,456
"MANDATORY","University",12,353
"MANDATORY","University",13,345
"MANDATORY","University",14,287
"MANDATORY","University",15,237
"MANDATORY","University",16,208
"MANDATORY","University",17,167
"MANDATORY","University",18,147
"MANDATORY","University",19,129
"MANDATORY","University",20,126
"MANDATORY","University",21,95
"MANDATORY","University",22,85
"MANDATORY","University",23,83
"MANDATORY","University",24,60
"MANDATORY","University",25,62
"MANDATORY","University",26,53
"MANDATORY","University",27,35
"MANDATORY","University",28,39
"MANDATORY","University",29,23
"MANDATORY","University",30,15
"MANDATORY","University",31,18
"MANDATORY","University",32,20
"MANDATORY","University",33,9
"MANDATORY","University",34,8
"MANDATORY","University",35,9
"MANDATORY","University",36,4
"MANDATORY","University",37,2
"MANDATORY","University",38,9
"MANDATORY","University",39,2
"MANDATORY","University",40,3
"MANDATORY","University",41,4
"MANDATORY","University",42,3
"MANDATORY","University",43,1
"MANDATORY","University",44,2
"MANDATORY","University",47,1
"MANDATORY","University",50,1
"MANDATORY","University",51,1
"MANDATORY","University",52,1
"MANDATORY","University",66,1
"MANDATORY","Work",-1,103760
"MANDATORY","Work",0,533989
"MANDATORY","Work",1,262497
"MANDATORY","Work",2,201735
"MANDATORY","Work",3,158822
"MANDATORY","Work",4,116227
"MANDATORY","Work",5,80273
"MANDATORY","Work",6,53196
"MANDATORY","Work",7,35260
"MANDATORY","Work",8,24995
"MANDATORY","Work",9,19441
"MANDATORY","Work",10,16430
"MANDATORY","Work",11,14526
"MANDATORY","Work",12,12690
"MANDATORY","Work",13,11037
"MANDATORY","Work",14,10225
"MANDATORY","Work",15,9244
"MANDATORY","Work",16,8321
"MANDATORY","Work",17,7840
"MANDATORY","Work",18,7337
"MANDATORY","Work",19,6564
"MANDATORY","Work",20,5920
"MANDATORY","Work",21,5612
"MANDATORY","Work",22,5219
"MANDATORY","Work",23,4772
"MANDATORY","Work",24,4386
"MANDATORY","Work",25,3995
"MANDATORY","Work",26,3771
"MANDATORY","Work",27,3335
"MANDATORY","Work",28,2983
"MANDATORY","Work",29,2750
"MANDATORY","Work",30,2368
"MANDATORY","Work",31,2104
"MANDATORY","Work",32,1870
"MANDATORY","Work",33,1649
"MANDATORY","Work",34,1453
"MANDATORY","Work",35,1238
"MANDATORY","Work",36,1053
"MANDATORY","Work",37,867
"MANDATORY","Work",38,795
"MANDATORY","Work",39,673
"MANDATORY","Work",40,601
"MANDATORY","Work",41,501
"MANDATORY","Work",42,433
"MANDATORY","Work",43,324
"MANDATORY","Work",44,279
"MANDATORY","Work",45,240
"MANDATORY","Work",46,192
"MANDATORY","Work",47,143
"MANDATORY","Work",48,123
"MANDATORY","Work",49,100
"MANDATORY","Work",50,65
"MANDATORY","Work",51,70
"MANDATORY","Work",52,41
"MANDATORY","Work",53,45
"MANDATORY","Work",54,46
"MANDATORY","Work",55,23
"MANDATORY","Work",56,29
"MANDATORY","Work",57,13
"MANDATORY","Work",58,8
"MANDATORY","Work",59,14
"MANDATORY","Work",60,6
"MANDATORY","Work",61,7
"MANDATORY","Work",62,10
"MANDATORY","Work",63,3
"MANDATORY","Work",64,2
"MANDATORY","Work",66,3
"MANDATORY","Work",68,2
"MANDATORY","Work",70,1
"MANDATORY","Work",79,1
"MANDATORY","Work",80,1
"INDIVIDUAL_NON_MANDATORY","Discretionary",-1,8003
"INDIVIDUAL_NON_MANDATORY","Discretionary",0,83361
"INDIVIDUAL_NON_MANDATORY","Discretionary",1,47579
"INDIVIDUAL_NON_MANDATORY","Discretionary",2,30983
"INDIVIDUAL_NON_MANDATORY","Discretionary",3,24542
"INDIVIDUAL_NON_MANDATORY","Discretionary",4,18922
"INDIVIDUAL_NON_MANDATORY","Discretionary",5,14866
"INDIVIDUAL_NON_MANDATORY","Discretionary",6,11284
"INDIVIDUAL_NON_MANDATORY","Discretionary",7,8647
"INDIVIDUAL_NON_MANDATORY","Discretionary",8,6500
"INDIVIDUAL_NON_MANDATORY","Discretionary",9,4987
"INDIVIDUAL_NON_MANDATORY","Discretionary",10,3609
"INDIVIDUAL_NON_MANDATORY","Discretionary",11,2710
"INDIVIDUAL_NON_MANDATORY","Discretionary",12,1923
"INDIVIDUAL_NON_MANDATORY","Discretionary",13,1482
"INDIVIDUAL_NON_MANDATORY","Discretionary",14,1056
"INDIVIDUAL_NON_MANDATORY","Discretionary",15,842
"INDIVIDUAL_NON_MANDATORY","Discretionary",16,642
"INDIVIDUAL_NON_MANDATORY","Discretionary",17,503
"INDIVIDUAL_NON_MANDATORY","Discretionary",18,334
"INDIVIDUAL_NON_MANDATORY","Discretionary",19,283
"INDIVIDUAL_NON_MANDATORY","Discretionary",20,221
"INDIVIDUAL_NON_MANDATORY","Discretionary",21,186
"INDIVIDUAL_NON_MANDATORY","Discretionary",22,146
"INDIVIDUAL_NON_MANDATORY","Discretionary",23,120
"INDIVIDUAL_NON_MANDATORY","Discretionary",24,107
"INDIVIDUAL_NON_MANDATORY","Discretionary",25,88
"INDIVIDUAL_NON_MANDATORY","Discretionary",26,73
"INDIVIDUAL_NON_MANDATORY","Discretionary",27,65
"INDIVIDUAL_NON_MANDATORY","Discretionary",28,41
"INDIVIDUAL_NON_MANDATORY","Discretionary",29,42
"INDIVIDUAL_NON_MANDATORY","Discretionary",30,44
"INDIVIDUAL_NON_MANDATORY","Discretionary",31,34
"INDIVIDUAL_NON_MANDATORY","Discretionary",32,20
"INDIVIDUAL_NON_MANDATORY","Discretionary",33,14
"INDIVIDUAL_NON_MANDATORY","Discretionary",34,14
"INDIVIDUAL_NON_MANDATORY","Discretionary",35,16
"INDIVIDUAL_NON_MANDATORY","Discretionary",36,9
"INDIVIDUAL_NON_MANDATORY","Discretionary",37,5
"INDIVIDUAL_NON_MANDATORY","Discretionary",38,4
"INDIVIDUAL_NON_MANDATORY","Discretionary",39,5
"INDIVIDUAL_NON_MANDATORY","Discretionary",40,4
"INDIVIDUAL_NON_MANDATORY","Discretionary",41,3
"INDIVIDUAL_NON_MANDATORY","Discretionary",42,1
"INDIVIDUAL_NON_MANDATORY","Discretionary",43,3
"INDIVIDUAL_NON_MANDATORY","Discretionary",44,1
"INDIVIDUAL_NON_MANDATORY","Discretionary",45,4
"INDIVIDUAL_NON_MANDATORY","Discretionary",46,2
"INDIVIDUAL_NON_MANDATORY","Discretionary",48,1
"INDIVIDUAL_NON_MANDATORY","Discretionary",49,2
"INDIVIDUAL_NON_MANDATORY","Discretionary",51,2
"INDIVIDUAL_NON_MANDATORY","Discretionary",52,1
"INDIVIDUAL_NON_MANDATORY","Discretionary",55,1
"INDIVIDUAL_NON_MANDATORY","Discretionary",56,1
"INDIVIDUAL_NON_MANDATORY","Discretionary",61,1
"INDIVIDUAL_NON_MANDATORY","Discretionary",64,1
"INDIVIDUAL_NON_MANDATORY","Discretionary",72,1
"INDIVIDUAL_NON_MANDATORY","Eatout",-1,1634
"INDIVIDUAL_NON_MANDATORY","Eatout",0,24198
"INDIVIDUAL_NON_MANDATORY","Eatout",1,9067
"INDIVIDUAL_NON_MANDATORY","Eatout",2,6271
"INDIVIDUAL_NON_MANDATORY","Eatout",3,4444
"INDIVIDUAL_NON_MANDATORY","Eatout",4,3017
"INDIVIDUAL_NON_MANDATORY","Eatout",5,2053
"INDIVIDUAL_NON_MANDATORY","Eatout",6,1394
"INDIVIDUAL_NON_MANDATORY","Eatout",7,958
"INDIVIDUAL_NON_MANDATORY","Eatout",8,763
"INDIVIDUAL_NON_MANDATORY","Eatout",9,630
"INDIVIDUAL_NON_MANDATORY","Eatout",10,502
"INDIVIDUAL_NON_MANDATORY","Eatout",11,413
"INDIVIDUAL_NON_MANDATORY","Eatout",12,339
"INDIVIDUAL_NON_MANDATORY","Eatout",13,284
"INDIVIDUAL_NON_MANDATORY","Eatout",14,256
"INDIVIDUAL_NON_MANDATORY","Eatout",15,216
"INDIVIDUAL_NON_MANDATORY","Eatout",16,180
"INDIVIDUAL_NON_MANDATORY","Eatout",17,162
"INDIVIDUAL_NON_MANDATORY","Eatout",18,114
"INDIVIDUAL_NON_MANDATORY","Eatout",19,124
"INDIVIDUAL_NON_MANDATORY","Eatout",20,92
"INDIVIDUAL_NON_MANDATORY","Eatout",21,99
"INDIVIDUAL_NON_MANDATORY","Eatout",22,89
"INDIVIDUAL_NON_MANDATORY","Eatout",23,77
"INDIVIDUAL_NON_MANDATORY","Eatout",24,56
"INDIVIDUAL_NON_MANDATORY","Eatout",25,38
"INDIVIDUAL_NON_MANDATORY","Eatout",26,45
"INDIVIDUAL_NON_MANDATORY","Eatout",27,52
"INDIVIDUAL_NON_MANDATORY","Eatout",28,28
"INDIVIDUAL_NON_MANDATORY","Eatout",29,31
"INDIVIDUAL_NON_MANDATORY","Eatout",30,33
"INDIVIDUAL_NON_MANDATORY","Eatout",31,27
"INDIVIDUAL_NON_MANDATORY","Eatout",32,31
"INDIVIDUAL_NON_MANDATORY","Eatout",33,16
"INDIVIDUAL_NON_MANDATORY","Eatout",34,25
"INDIVIDUAL_NON_MANDATORY","Eatout",35,15
"INDIVIDUAL_NON_MANDATORY","Eatout",36,18
"INDIVIDUAL_NON_MANDATORY","Eatout",37,14
"INDIVIDUAL_NON_MANDATORY","Eatout",38,13
"INDIVIDUAL_NON_MANDATORY","Eatout",39,11
"INDIVIDUAL_NON_MANDATORY","Eatout",40,8
"INDIVIDUAL_NON_MANDATORY","Eatout",41,7
"INDIVIDUAL_NON_MANDATORY","Eatout",42,11
"INDIVIDUAL_NON_MANDATORY","Eatout",43,9
"INDIVIDUAL_NON_MANDATORY","Eatout",44,9
"INDIVIDUAL_NON_MANDATORY","Eatout",45,2
"INDIVIDUAL_NON_MANDATORY","Eatout",46,4
"INDIVIDUAL_NON_MANDATORY","Eatout",47,1
"INDIVIDUAL_NON_MANDATORY","Eatout",48,3
"INDIVIDUAL_NON_MANDATORY","Eatout",49,2
"INDIVIDUAL_NON_MANDATORY","Eatout",50,3
"INDIVIDUAL_NON_MANDATORY","Eatout",53,1
"INDIVIDUAL_NON_MANDATORY","Eatout",56,1
"INDIVIDUAL_NON_MANDATORY","Eatout",57,1
"INDIVIDUAL_NON_MANDATORY","Eatout",59,1
"INDIVIDUAL_NON_MANDATORY","Eatout",61,1
"INDIVIDUAL_NON_MANDATORY","Eatout",62,1
"INDIVIDUAL_NON_MANDATORY","Escorting",-1,15680
"INDIVIDUAL_NON_MANDATORY","Escorting",0,147617
"INDIVIDUAL_NON_MANDATORY","Escorting",1,53171
"INDIVIDUAL_NON_MANDATORY","Escorting",2,36388
"INDIVIDUAL_NON_MANDATORY","Escorting",3,26361
"INDIVIDUAL_NON_MANDATORY","Escorting",4,17539
"INDIVIDUAL_NON_MANDATORY","Escorting",5,11361
"INDIVIDUAL_NON_MANDATORY","Escorting",6,7998
"INDIVIDUAL_NON_MANDATORY","Escorting",7,6160
"INDIVIDUAL_NON_MANDATORY","Escorting",8,4975
"INDIVIDUAL_NON_MANDATORY","Escorting",9,4479
"INDIVIDUAL_NON_MANDATORY","Escorting",10,3753
"INDIVIDUAL_NON_MANDATORY","Escorting",11,3253
"INDIVIDUAL_NON_MANDATORY","Escorting",12,2723
"INDIVIDUAL_NON_MANDATORY","Escorting",13,2305
"INDIVIDUAL_NON_MANDATORY","Escorting",14,1983
"INDIVIDUAL_NON_MANDATORY","Escorting",15,1693
"INDIVIDUAL_NON_MANDATORY","Escorting",16,1432
"INDIVIDUAL_NON_MANDATORY","Escorting",17,1144
"INDIVIDUAL_NON_MANDATORY","Escorting",18,1110
"INDIVIDUAL_NON_MANDATORY","Escorting",19,924
"INDIVIDUAL_NON_MANDATORY","Escorting",20,790
"INDIVIDUAL_NON_MANDATORY","Escorting",21,690
"INDIVIDUAL_NON_MANDATORY","Escorting",22,591
"INDIVIDUAL_NON_MANDATORY","Escorting",23,485
"INDIVIDUAL_NON_MANDATORY","Escorting",24,474
"INDIVIDUAL_NON_MANDATORY","Escorting",25,355
"INDIVIDUAL_NON_MANDATORY","Escorting",26,331
"INDIVIDUAL_NON_MANDATORY","Escorting",27,235
"INDIVIDUAL_NON_MANDATORY","Escorting",28,212
"INDIVIDUAL_NON_MANDATORY","Escorting",29,176
"INDIVIDUAL_NON_MANDATORY","Escorting",30,163
"INDIVIDUAL_NON_MANDATORY","Escorting",31,141
"INDIVIDUAL_NON_MANDATORY","Escorting",32,118
"INDIVIDUAL_NON_MANDATORY","Escorting",33,111
"INDIVIDUAL_NON_MANDATORY","Escorting",34,90
"INDIVIDUAL_NON_MANDATORY","Escorting",35,60
"INDIVIDUAL_NON_MANDATORY","Escorting",36,59
"INDIVIDUAL_NON_MANDATORY","Escorting",37,58
"INDIVIDUAL_NON_MANDATORY","Escorting",38,43
"INDIVIDUAL_NON_MANDATORY","Escorting",39,33
"INDIVIDUAL_NON_MANDATORY","Escorting",40,27
"INDIVIDUAL_NON_MANDATORY","Escorting",41,23
"INDIVIDUAL_NON_MANDATORY","Escorting",42,27
"INDIVIDUAL_NON_MANDATORY","Escorting",43,26
"INDIVIDUAL_NON_MANDATORY","Escorting",44,19
"INDIVIDUAL_NON_MANDATORY","Escorting",45,14
"INDIVIDUAL_NON_MANDATORY","Escorting",46,14
"INDIVIDUAL_NON_MANDATORY","Escorting",47,7
"INDIVIDUAL_NON_MANDATORY","Escorting",48,12
"INDIVIDUAL_NON_MANDATORY","Escorting",49,3
"INDIVIDUAL_NON_MANDATORY","Escorting",50,6
"INDIVIDUAL_NON_MANDATORY","Escorting",51,4
"INDIVIDUAL_NON_MANDATORY","Escorting",52,3
"INDIVIDUAL_NON_MANDATORY","Escorting",53,3
"INDIVIDUAL_NON_MANDATORY","Escorting",54,4
"INDIVIDUAL_NON_MANDATORY","Escorting",56,2
"INDIVIDUAL_NON_MANDATORY","Escorting",57,1
"INDIVIDUAL_NON_MANDATORY","Escorting",58,1
"INDIVIDUAL_NON_MANDATORY","Escorting",59,1
"INDIVIDUAL_NON_MANDATORY","Escorting",60,1
"INDIVIDUAL_NON_MANDATORY","Escorting",63,3
"INDIVIDUAL_NON_MANDATORY","Escorting",65,1
"INDIVIDUAL_NON_MANDATORY","Maintenance",-1,17330
"INDIVIDUAL_NON_MANDATORY","Maintenance",0,161926
"INDIVIDUAL_NON_MANDATORY","Maintenance",1,58406
"INDIVIDUAL_NON_MANDATORY","Maintenance",2,41715
"INDIVIDUAL_NON_MANDATORY","Maintenance",3,34324
"INDIVIDUAL_NON_MANDATORY","Maintenance",4,26324
"INDIVIDUAL_NON_MANDATORY","Maintenance",5,20154
"INDIVIDUAL_NON_MANDATORY","Maintenance",6,14340
"INDIVIDUAL_NON_MANDATORY","Maintenance",7,10250
"INDIVIDUAL_NON_MANDATORY","Maintenance",8,6982
"INDIVIDUAL_NON_MANDATORY","Maintenance",9,4691
"INDIVIDUAL_NON_MANDATORY","Maintenance",10,3102
"INDIVIDUAL_NON_MANDATORY","Maintenance",11,2215
"INDIVIDUAL_NON_MANDATORY","Maintenance",12,1515
"INDIVIDUAL_NON_MANDATORY","Maintenance",13,1068
"INDIVIDUAL_NON_MANDATORY","Maintenance",14,859
"INDIVIDUAL_NON_MANDATORY","Maintenance",15,642
"INDIVIDUAL_NON_MANDATORY","Maintenance",16,570
"INDIVIDUAL_NON_MANDATORY","Maintenance",17,487
"INDIVIDUAL_NON_MANDATORY","Maintenance",18,497
"INDIVIDUAL_NON_MANDATORY","Maintenance",19,423
"INDIVIDUAL_NON_MANDATORY","Maintenance",20,391
"INDIVIDUAL_NON_MANDATORY","Maintenance",21,345
"INDIVIDUAL_NON_MANDATORY","Maintenance",22,302
"INDIVIDUAL_NON_MANDATORY","Maintenance",23,332
"INDIVIDUAL_NON_MANDATORY","Maintenance",24,294
"INDIVIDUAL_NON_MANDATORY","Maintenance",25,272
"INDIVIDUAL_NON_MANDATORY","Maintenance",26,246
"INDIVIDUAL_NON_MANDATORY","Maintenance",27,208
"INDIVIDUAL_NON_MANDATORY","Maintenance",28,210
"INDIVIDUAL_NON_MANDATORY","Maintenance",29,203
"INDIVIDUAL_NON_MANDATORY","Maintenance",30,181
"INDIVIDUAL_NON_MANDATORY","Maintenance",31,162
"INDIVIDUAL_NON_MANDATORY","Maintenance",32,146
"INDIVIDUAL_NON_MANDATORY","Maintenance",33,132
"INDIVIDUAL_NON_MANDATORY","Maintenance",34,128
"INDIVIDUAL_NON_MANDATORY","Maintenance",35,118
"INDIVIDUAL_NON_MANDATORY","Maintenance",36,116
"INDIVIDUAL_NON_MANDATORY","Maintenance",37,101
"INDIVIDUAL_NON_MANDATORY","Maintenance",38,91
"INDIVIDUAL_NON_MANDATORY","Maintenance",39,88
"INDIVIDUAL_NON_MANDATORY","Maintenance",40,84
"INDIVIDUAL_NON_MANDATORY","Maintenance",41,68
"INDIVIDUAL_NON_MANDATORY","Maintenance",42,55
"INDIVIDUAL_NON_MANDATORY","Maintenance",43,56
"INDIVIDUAL_NON_MANDATORY","Maintenance",44,38
"INDIVIDUAL_NON_MANDATORY","Maintenance",45,37
"INDIVIDUAL_NON_MANDATORY","Maintenance",46,31
"INDIVIDUAL_NON_MANDATORY","Maintenance",47,28
"INDIVIDUAL_NON_MANDATORY","Maintenance",48,14
"INDIVIDUAL_NON_MANDATORY","Maintenance",49,15
"INDIVIDUAL_NON_MANDATORY","Maintenance",50,15
"INDIVIDUAL_NON_MANDATORY","Maintenance",51,11
"INDIVIDUAL_NON_MANDATORY","Maintenance",52,6
"INDIVIDUAL_NON_MANDATORY","Maintenance",53,5
"INDIVIDUAL_NON_MANDATORY","Maintenance",54,7
"INDIVIDUAL_NON_MANDATORY","Maintenance",55,7
"INDIVIDUAL_NON_MANDATORY","Maintenance",56,3
"INDIVIDUAL_NON_MANDATORY","Maintenance",57,3
"INDIVIDUAL_NON_MANDATORY","Maintenance",58,3
"INDIVIDUAL_NON_MANDATORY","Maintenance",59,1
"INDIVIDUAL_NON_MANDATORY","Maintenance",60,4
"INDIVIDUAL_NON_MANDATORY","Maintenance",61,2
"INDIVIDUAL_NON_MANDATORY","Maintenance",64,1
"INDIVIDUAL_NON_MANDATORY","Maintenance",65,1
"INDIVIDUAL_NON_MANDATORY","Maintenance",69,1
"INDIVIDUAL_NON_MANDATORY","Shopping",-1,20735
"INDIVIDUAL_NON_MANDATORY","Shopping",0,243484
"INDIVIDUAL_NON_MANDATORY","Shopping",1,88956
"INDIVIDUAL_NON_MANDATORY","Shopping",2,64186
"INDIVIDUAL_NON_MANDATORY","Shopping",3,47927
"INDIVIDUAL_NON_MANDATORY","Shopping",4,32131
"INDIVIDUAL_NON_MANDATORY","Shopping",5,20663
"INDIVIDUAL_NON_MANDATORY","Shopping",6,12831
"INDIVIDUAL_NON_MANDATORY","Shopping",7,8323
"INDIVIDUAL_NON_MANDATORY","Shopping",8,5552
"INDIVIDUAL_NON_MANDATORY","Shopping",9,4242
"INDIVIDUAL_NON_MANDATORY","Shopping",10,3425
"INDIVIDUAL_NON_MANDATORY","Shopping",11,2906
"INDIVIDUAL_NON_MANDATORY","Shopping",12,2471
"INDIVIDUAL_NON_MANDATORY","Shopping",13,2159
"INDIVIDUAL_NON_MANDATORY","Shopping",14,1795
"INDIVIDUAL_NON_MANDATORY","Shopping",15,1581
"INDIVIDUAL_NON_MANDATORY","Shopping",16,1281
"INDIVIDUAL_NON_MANDATORY","Shopping",17,1141
"INDIVIDUAL_NON_MANDATORY","Shopping",18,1028
"INDIVIDUAL_NON_MANDATORY","Shopping",19,900
"INDIVIDUAL_NON_MANDATORY","Shopping",20,801
"INDIVIDUAL_NON_MANDATORY","Shopping",21,704
"INDIVIDUAL_NON_MANDATORY","Shopping",22,642
"INDIVIDUAL_NON_MANDATORY","Shopping",23,585
"INDIVIDUAL_NON_MANDATORY","Shopping",24,521
"INDIVIDUAL_NON_MANDATORY","Shopping",25,455
"INDIVIDUAL_NON_MANDATORY","Shopping",26,442
"INDIVIDUAL_NON_MANDATORY","Shopping",27,396
"INDIVIDUAL_NON_MANDATORY","Shopping",28,383
"INDIVIDUAL_NON_MANDATORY","Shopping",29,327
"INDIVIDUAL_NON_MANDATORY","Shopping",30,289
"INDIVIDUAL_NON_MANDATORY","Shopping",31,259
"INDIVIDUAL_NON_MANDATORY","Shopping",32,240
"INDIVIDUAL_NON_MANDATORY","Shopping",33,200
"INDIVIDUAL_NON_MANDATORY","Shopping",34,167
"INDIVIDUAL_NON_MANDATORY","Shopping",35,161
"INDIVIDUAL_NON_MANDATORY","Shopping",36,172
"INDIVIDUAL_NON_MANDATORY","Shopping",37,164
"INDIVIDUAL_NON_MANDATORY","Shopping",38,131
"INDIVIDUAL_NON_MANDATORY","Shopping",39,117
"INDIVIDUAL_NON_MANDATORY","Shopping",40,101
"INDIVIDUAL_NON_MANDATORY","Shopping",41,115
"INDIVIDUAL_NON_MANDATORY","Shopping",42,77
"INDIVIDUAL_NON_MANDATORY","Shopping",43,62
"INDIVIDUAL_NON_MANDATORY","Shopping",44,53
"INDIVIDUAL_NON_MANDATORY","Shopping",45,49
"INDIVIDUAL_NON_MANDATORY","Shopping",46,41
"INDIVIDUAL_NON_MANDATORY","Shopping",47,29
"INDIVIDUAL_NON_MANDATORY","Shopping",48,36
"INDIVIDUAL_NON_MANDATORY","Shopping",49,19
"INDIVIDUAL_NON_MANDATORY","Shopping",50,19
"INDIVIDUAL_NON_MANDATORY","Shopping",51,22
"INDIVIDUAL_NON_MANDATORY","Shopping",52,14
"INDIVIDUAL_NON_MANDATORY","Shopping",53,6
"INDIVIDUAL_NON_MANDATORY","Shopping",54,9
"INDIVIDUAL_NON_MANDATORY","Shopping",55,11
"INDIVIDUAL_NON_MANDATORY","Shopping",56,9
"INDIVIDUAL_NON_MANDATORY","Shopping",57,6
"INDIVIDUAL_NON_MANDATORY","Shopping",58,7
"INDIVIDUAL_NON_MANDATORY","Shopping",59,5
"INDIVIDUAL_NON_MANDATORY","Shopping",60,5
"INDIVIDUAL_NON_MANDATORY","Shopping",61,2
"INDIVIDUAL_NON_MANDATORY","Shopping",66,1
"INDIVIDUAL_NON_MANDATORY","Shopping",67,1
"INDIVIDUAL_NON_MANDATORY","Shopping",70,2
"INDIVIDUAL_NON_MANDATORY","Social/Visit",-1,3481
"INDIVIDUAL_NON_MANDATORY","Social/Visit",0,39090
"INDIVIDUAL_NON_MANDATORY","Social/Visit",1,13273
"INDIVIDUAL_NON_MANDATORY","Social/Visit",2,6778
"INDIVIDUAL_NON_MANDATORY","Social/Visit",3,4875
"INDIVIDUAL_NON_MANDATORY","Social/Visit",4,4034
"INDIVIDUAL_NON_MANDATORY","Social/Visit",5,3315
"INDIVIDUAL_NON_MANDATORY","Social/Visit",6,2721
"INDIVIDUAL_NON_MANDATORY","Social/Visit",7,2109
"INDIVIDUAL_NON_MANDATORY","Social/Visit",8,1472
"INDIVIDUAL_NON_MANDATORY","Social/Visit",9,1084
"INDIVIDUAL_NON_MANDATORY","Social/Visit",10,901
"INDIVIDUAL_NON_MANDATORY","Social/Visit",11,764
"INDIVIDUAL_NON_MANDATORY","Social/Visit",12,635
"INDIVIDUAL_NON_MANDATORY","Social/Visit",13,490
"INDIVIDUAL_NON_MANDATORY","Social/Visit",14,420
"INDIVIDUAL_NON_MANDATORY","Social/Visit",15,356
"INDIVIDUAL_NON_MANDATORY","Social/Visit",16,321
"INDIVIDUAL_NON_MANDATORY","Social/Visit",17,274
"INDIVIDUAL_NON_MANDATORY","Social/Visit",18,233
"INDIVIDUAL_NON_MANDATORY","Social/Visit",19,165
"INDIVIDUAL_NON_MANDATORY","Social/Visit",20,153
"INDIVIDUAL_NON_MANDATORY","Social/Visit",21,167
"INDIVIDUAL_NON_MANDATORY","Social/Visit",22,140
"INDIVIDUAL_NON_MANDATORY","Social/Visit",23,120
"INDIVIDUAL_NON_MANDATORY","Social/Visit",24,106
"INDIVIDUAL_NON_MANDATORY","Social/Visit",25,100
"INDIVIDUAL_NON_MANDATORY","Social/Visit",26,73
"INDIVIDUAL_NON_MANDATORY","Social/Visit",27,67
"INDIVIDUAL_NON_MANDATORY","Social/Visit",28,53
"INDIVIDUAL_NON_MANDATORY","Social/Visit",29,66
"INDIVIDUAL_NON_MANDATORY","Social/Visit",30,49
"INDIVIDUAL_NON_MANDATORY","Social/Visit",31,54
"INDIVIDUAL_NON_MANDATORY","Social/Visit",32,26
"INDIVIDUAL_NON_MANDATORY","Social/Visit",33,33
"INDIVIDUAL_NON_MANDATORY","Social/Visit",34,26
"INDIVIDUAL_NON_MANDATORY","Social/Visit",35,25
"INDIVIDUAL_NON_MANDATORY","Social/Visit",36,22
"INDIVIDUAL_NON_MANDATORY","Social/Visit",37,27
"INDIVIDUAL_NON_MANDATORY","Social/Visit",38,25
"INDIVIDUAL_NON_MANDATORY","Social/Visit",39,13
"INDIVIDUAL_NON_MANDATORY","Social/Visit",40,15
"INDIVIDUAL_NON_MANDATORY","Social/Visit",41,6
"INDIVIDUAL_NON_MANDATORY","Social/Visit",42,11
"INDIVIDUAL_NON_MANDATORY","Social/Visit",43,10
"INDIVIDUAL_NON_MANDATORY","Social/Visit",44,7
"INDIVIDUAL_NON_MANDATORY","Social/Visit",45,10
"INDIVIDUAL_NON_MANDATORY","Social/Visit",46,6
"INDIVIDUAL_NON_MANDATORY","Social/Visit",47,6
"INDIVIDUAL_NON_MANDATORY","Social/Visit",48,4
"INDIVIDUAL_NON_MANDATORY","Social/Visit",49,3
"INDIVIDUAL_NON_MANDATORY","Social/Visit",50,4
"INDIVIDUAL_NON_MANDATORY","Social/Visit",51,5
"INDIVIDUAL_NON_MANDATORY","Social/Visit",53,2
"INDIVIDUAL_NON_MANDATORY","Social/Visit",54,1
"INDIVIDUAL_NON_MANDATORY","Social/Visit",55,2
"INDIVIDUAL_NON_MANDATORY","Social/Visit",57,1
"INDIVIDUAL_NON_MANDATORY","Social/Visit",60,1
"INDIVIDUAL_NON_MANDATORY","Social/Visit",65,1
"INDIVIDUAL_NON_MANDATORY","Social/Visit",71,1
"JOINT","Discretionary",-1,5098
"JOINT","Discretionary",0,48957
"JOINT","Discretionary",1,28944
"JOINT","Discretionary",2,18626
"JOINT","Discretionary",3,14941
"JOINT","Discretionary",4,12283
"JOINT","Discretionary",5,9402
"JOINT","Discretionary",6,7474
"JOINT","Discretionary",7,5391
"JOINT","Discretionary",8,4006
"JOINT","Discretionary",9,3259
"JOINT","Discretionary",10,2411
"JOINT","Discretionary",11,1797
"JOINT","Discretionary",12,1311
"JOINT","Discretionary",13,923
"JOINT","Discretionary",14,737
"JOINT","Discretionary",15,536
"JOINT","Discretionary",16,438
"JOINT","Discretionary",17,282
"JOINT","Discretionary",18,263
"JOINT","Discretionary",19,182
"JOINT","Discretionary",20,153
"JOINT","Discretionary",21,103
"JOINT","Discretionary",22,106
"JOINT","Discretionary",23,66
"JOINT","Discretionary",24,107
"JOINT","Discretionary",25,62
"JOINT","Discretionary",26,49
"JOINT","Discretionary",27,58
"JOINT","Discretionary",28,54
"JOINT","Discretionary",29,40
"JOINT","Discretionary",30,25
"JOINT","Discretionary",31,17
"JOINT","Discretionary",32,13
"JOINT","Discretionary",33,17
"JOINT","Discretionary",34,13
"JOINT","Discretionary",35,17
"JOINT","Discretionary",36,10
"JOINT","Discretionary",37,12
"JOINT","Discretionary",38,2
"JOINT","Discretionary",39,17
"JOINT","Discretionary",40,3
"JOINT","Discretionary",42,6
"JOINT","Discretionary",43,4
"JOINT","Discretionary",52,2
"JOINT","Discretionary",59,2
"JOINT","Eatout",-1,1607
"JOINT","Eatout",0,22844
"JOINT","Eatout",1,8832
"JOINT","Eatout",2,6545
"JOINT","Eatout",3,4864
"JOINT","Eatout",4,3573
"JOINT","Eatout",5,2488
"JOINT","Eatout",6,1677
"JOINT","Eatout",7,1379
"JOINT","Eatout",8,1061
"JOINT","Eatout",9,973
"JOINT","Eatout",10,846
"JOINT","Eatout",11,674
"JOINT","Eatout",12,550
"JOINT","Eatout",13,550
"JOINT","Eatout",14,483
"JOINT","Eatout",15,425
"JOINT","Eatout",16,344
"JOINT","Eatout",17,317
"JOINT","Eatout",18,329
"JOINT","Eatout",19,256
"JOINT","Eatout",20,234
"JOINT","Eatout",21,227
"JOINT","Eatout",22,204
"JOINT","Eatout",23,161
"JOINT","Eatout",24,173
"JOINT","Eatout",25,166
"JOINT","Eatout",26,165
"JOINT","Eatout",27,115
"JOINT","Eatout",28,106
"JOINT","Eatout",29,99
"JOINT","Eatout",30,77
"JOINT","Eatout",31,66
"JOINT","Eatout",32,68
"JOINT","Eatout",33,63
"JOINT","Eatout",34,44
"JOINT","Eatout",35,68
"JOINT","Eatout",36,38
"JOINT","Eatout",37,46
"JOINT","Eatout",38,31
"JOINT","Eatout",39,29
"JOINT","Eatout",40,24
"JOINT","Eatout",41,21
"JOINT","Eatout",42,22
"JOINT","Eatout",43,2
"JOINT","Eatout",44,10
"JOINT","Eatout",45,13
"JOINT","Eatout",46,4
"JOINT","Eatout",47,9
"JOINT","Eatout",48,2
"JOINT","Eatout",49,6
"JOINT","Eatout",50,2
"JOINT","Eatout",51,3
"JOINT","Eatout",53,2
"JOINT","Eatout",55,2
"JOINT","Eatout",56,3
"JOINT","Eatout",65,2
"JOINT","Maintenance",-1,12765
"JOINT","Maintenance",0,103470
"JOINT","Maintenance",1,37657
"JOINT","Maintenance",2,25482
"JOINT","Maintenance",3,19808
"JOINT","Maintenance",4,14079
"JOINT","Maintenance",5,10161
"JOINT","Maintenance",6,7056
"JOINT","Maintenance",7,4702
"JOINT","Maintenance",8,2963
"JOINT","Maintenance",9,1992
"JOINT","Maintenance",10,1320
"JOINT","Maintenance",11,774
"JOINT","Maintenance",12,581
"JOINT","Maintenance",13,351
"JOINT","Maintenance",14,264
"JOINT","Maintenance",15,184
"JOINT","Maintenance",16,157
"JOINT","Maintenance",17,123
"JOINT","Maintenance",18,106
"JOINT","Maintenance",19,94
"JOINT","Maintenance",20,70
"JOINT","Maintenance",21,60
"JOINT","Maintenance",22,51
"JOINT","Maintenance",23,36
"JOINT","Maintenance",24,51
"JOINT","Maintenance",25,28
"JOINT","Maintenance",26,26
"JOINT","Maintenance",27,15
"JOINT","Maintenance",28,11
"JOINT","Maintenance",29,30
"JOINT","Maintenance",30,37
"JOINT","Maintenance",31,22
"JOINT","Maintenance",32,15
"JOINT","Maintenance",33,25
"JOINT","Maintenance",34,20
"JOINT","Maintenance",35,32
"JOINT","Maintenance",36,20
"JOINT","Maintenance",37,22
"JOINT","Maintenance",38,13
"JOINT","Maintenance",39,9
"JOINT","Maintenance",40,14
"JOINT","Maintenance",41,8
"JOINT","Maintenance",42,6
"JOINT","Maintenance",43,5
"JOINT","Maintenance",44,4
"JOINT","Maintenance",45,5
"JOINT","Maintenance",46,4
"JOINT","Maintenance",47,11
"JOINT","Maintenance",48,5
"JOINT","Maintenance",49,6
"JOINT","Maintenance",52,3
"JOINT","Maintenance",58,2
"JOINT","Maintenance",69,3
"JOINT","Shopping",-1,12321
"JOINT","Shopping",0,139941
"JOINT","Shopping",1,52151
"JOINT","Shopping",2,37122
"JOINT","Shopping",3,28078
"JOINT","Shopping",4,19335
"JOINT","Shopping",5,12570
"JOINT","Shopping",6,7981
"JOINT","Shopping",7,5365
"JOINT","Shopping",8,3462
"JOINT","Shopping",9,3105
"JOINT","Shopping",10,2305
"JOINT","Shopping",11,2140
"JOINT","Shopping",12,1808
"JOINT","Shopping",13,1579
"JOINT","Shopping",14,1341
"JOINT","Shopping",15,1204
"JOINT","Shopping",16,1101
"JOINT","Shopping",17,859
"JOINT","Shopping",18,888
"JOINT","Shopping",19,711
"JOINT","Shopping",20,779
"JOINT","Shopping",21,567
"JOINT","Shopping",22,667
"JOINT","Shopping",23,487
"JOINT","Shopping",24,461
"JOINT","Shopping",25,422
"JOINT","Shopping",26,358
"JOINT","Shopping",27,341
"JOINT","Shopping",28,318
"JOINT","Shopping",29,282
"JOINT","Shopping",30,285
"JOINT","Shopping",31,291
"JOINT","Shopping",32,229
"JOINT","Shopping",33,223
"JOINT","Shopping",34,180
"JOINT","Shopping",35,151
"JOINT","Shopping",36,221
"JOINT","Shopping",37,111
"JOINT","Shopping",38,136
"JOINT","Shopping",39,110
"JOINT","Shopping",40,86
"JOINT","Shopping",41,70
"JOINT","Shopping",42,76
"JOINT","Shopping",43,67
"JOINT","Shopping",44,59
"JOINT","Shopping",45,55
"JOINT","Shopping",46,29
"JOINT","Shopping",47,22
"JOINT","Shopping",48,24
"JOINT","Shopping",49,16
"JOINT","Shopping",50,23
"JOINT","Shopping",51,35
"JOINT","Shopping",52,4
"JOINT","Shopping",53,6
"JOINT","Shopping",54,8
"JOINT","Shopping",55,2
"JOINT","Shopping",56,10
"JOINT","Shopping",57,2
"JOINT","Shopping",58,2
"JOINT","Shopping",59,4
"JOINT","Shopping",63,8
"JOINT","Social/Visit",-1,1223
"JOINT","Social/Visit",0,12093
"JOINT","Social/Visit",1,4427
"JOINT","Social/Visit",2,2434
"JOINT","Social/Visit",3,1707
"JOINT","Social/Visit",4,1346
"JOINT","Social/Visit",5,1120
"JOINT","Social/Visit",6,944
"JOINT","Social/Visit",7,685
"JOINT","Social/Visit",8,564
"JOINT","Social/Visit",9,399
"JOINT","Social/Visit",10,273
"JOINT","Social/Visit",11,227
"JOINT","Social/Visit",12,168
"JOINT","Social/Visit",13,181
"JOINT","Social/Visit",14,137
"JOINT","Social/Visit",15,94
"JOINT","Social/Visit",16,115
"JOINT","Social/Visit",17,93
"JOINT","Social/Visit",18,69
"JOINT","Social/Visit",19,81
"JOINT","Social/Visit",20,49
"JOINT","Social/Visit",21,62
"JOINT","Social/Visit",22,31
"JOINT","Social/Visit",23,42
"JOINT","Social/Visit",24,31
"JOINT","Social/Visit",25,23
"JOINT","Social/Visit",26,35
"JOINT","Social/Visit",27,27
"JOINT","Social/Visit",28,14
"JOINT","Social/Visit",29,13
"JOINT","Social/Visit",30,18
"JOINT","Social/Visit",31,18
"JOINT","Social/Visit",33,13
"JOINT","Social/Visit",34,16
"JOINT","Social/Visit",35,7
"JOINT","Social/Visit",36,6
"JOINT","Social/Visit",38,7
"JOINT","Social/Visit",39,5
"JOINT","Social/Visit",42,2
"JOINT","Social/Visit",45,8
"JOINT","Social/Visit",46,3
"JOINT","Social/Visit",48,3
"JOINT","Social/Visit",49,6
"JOINT","Social/Visit",51,2
"JOINT","Social/Visit",52,2
"JOINT","Social/Visit",59,4
"JOINT","Social/Visit",61,2
"JOINT","Social/Visit",63,3
"AT_WORK","EatOut",-1,6097
"AT_WORK","EatOut",0,63172
"AT_WORK","EatOut",1,25093
"AT_WORK","EatOut",2,15382
"AT_WORK","EatOut",3,9182
"AT_WORK","EatOut",4,4889
"AT_WORK","EatOut",5,2769
"AT_WORK","EatOut",6,1518
"AT_WORK","EatOut",7,1010
"AT_WORK","EatOut",8,751
"AT_WORK","EatOut",9,675
"AT_WORK","EatOut",10,621
"AT_WORK","EatOut",11,492
"AT_WORK","EatOut",12,483
"AT_WORK","EatOut",13,418
"AT_WORK","EatOut",14,385
"AT_WORK","EatOut",15,330
"AT_WORK","EatOut",16,317
"AT_WORK","EatOut",17,286
"AT_WORK","EatOut",18,248
"AT_WORK","EatOut",19,267
"AT_WORK","EatOut",20,235
"AT_WORK","EatOut",21,204
"AT_WORK","EatOut",22,185
"AT_WORK","EatOut",23,174
"AT_WORK","EatOut",24,163
"AT_WORK","EatOut",25,150
"AT_WORK","EatOut",26,122
"AT_WORK","EatOut",27,145
"AT_WORK","EatOut",28,109
"AT_WORK","EatOut",29,107
"AT_WORK","EatOut",30,109
"AT_WORK","EatOut",31,84
"AT_WORK","EatOut",32,100
"AT_WORK","EatOut",33,75
"AT_WORK","EatOut",34,62
"AT_WORK","EatOut",35,76
"AT_WORK","EatOut",36,55
"AT_WORK","EatOut",37,45
"AT_WORK","EatOut",38,53
"AT_WORK","EatOut",39,25
"AT_WORK","EatOut",40,32
"AT_WORK","EatOut",41,41
"AT_WORK","EatOut",42,26
"AT_WORK","EatOut",43,18
"AT_WORK","EatOut",44,18
"AT_WORK","EatOut",45,15
"AT_WORK","EatOut",46,14
"AT_WORK","EatOut",47,12
"AT_WORK","EatOut",48,8
"AT_WORK","EatOut",49,8
"AT_WORK","EatOut",50,9
"AT_WORK","EatOut",51,6
"AT_WORK","EatOut",52,5
"AT_WORK","EatOut",53,4
"AT_WORK","EatOut",55,1
"AT_WORK","EatOut",56,1
"AT_WORK","EatOut",58,1
"AT_WORK","EatOut",59,1
"AT_WORK","Maintenance",-1,1716
"AT_WORK","Maintenance",0,17666
"AT_WORK","Maintenance",1,7095
"AT_WORK","Maintenance",2,4267
"AT_WORK","Maintenance",3,2536
"AT_WORK","Maintenance",4,1412
"AT_WORK","Maintenance",5,760
"AT_WORK","Maintenance",6,428
"AT_WORK","Maintenance",7,257
"AT_WORK","Maintenance",8,199
"AT_WORK","Maintenance",9,183
"AT_WORK","Maintenance",10,159
"AT_WORK","Maintenance",11,121
"AT_WORK","Maintenance",12,125
"AT_WORK","Maintenance",13,122
"AT_WORK","Maintenance",14,103
"AT_WORK","Maintenance",15,84
"AT_WORK","Maintenance",16,79
"AT_WORK","Maintenance",17,75
"AT_WORK","Maintenance",18,67
"AT_WORK","Maintenance",19,67
"AT_WORK","Maintenance",20,48
"AT_WORK","Maintenance",21,56
"AT_WORK","Maintenance",22,36
"AT_WORK","Maintenance",23,47
"AT_WORK","Maintenance",24,36
"AT_WORK","Maintenance",25,32
"AT_WORK","Maintenance",26,34
"AT_WORK","Maintenance",27,31
"AT_WORK","Maintenance",28,23
"AT_WORK","Maintenance",29,34
"AT_WORK","Maintenance",30,32
"AT_WORK","Maintenance",31,26
"AT_WORK","Maintenance",32,24
"AT_WORK","Maintenance",33,12
"AT_WORK","Maintenance",34,20
"AT_WORK","Maintenance",35,19
"AT_WORK","Maintenance",36,18
"AT_WORK","Maintenance",37,12
"AT_WORK","Maintenance",38,10
"AT_WORK","Maintenance",39,11
"AT_WORK","Maintenance",40,7
"AT_WORK","Maintenance",41,7
"AT_WORK","Maintenance",42,5
"AT_WORK","Maintenance",43,6
"AT_WORK","Maintenance",44,6
"AT_WORK","Maintenance",45,3
"AT_WORK","Maintenance",46,3
"AT_WORK","Maintenance",47,3
"AT_WORK","Maintenance",48,2
"AT_WORK","Maintenance",50,2
"AT_WORK","Maintenance",51,1
"AT_WORK","Maintenance",54,2
"AT_WORK","Maintenance",55,2
"AT_WORK","Work",-1,3924
"AT_WORK","Work",0,34022
"AT_WORK","Work",1,14638
"AT_WORK","Work",2,9064
"AT_WORK","Work",3,5481
"AT_WORK","Work",4,2920
"AT_WORK","Work",5,1652
"AT_WORK","Work",6,957
"AT_WORK","Work",7,649
"AT_WORK","Work",8,466
"AT_WORK","Work",9,423
"AT_WORK","Work",10,362
"AT_WORK","Work",11,310
"AT_WORK","Work",12,297
"AT_WORK","Work",13,263
"AT_WORK","Work",14,226
"AT_WORK","Work",15,235
"AT_WORK","Work",16,198
"AT_WORK","Work",17,168
"AT_WORK","Work",18,161
"AT_WORK","Work",19,152
"AT_WORK","Work",20,166
"AT_WORK","Work",21,118
"AT_WORK","Work",22,118
"AT_WORK","Work",23,108
"AT_WORK","Work",24,112
"AT_WORK","Work",25,90
"AT_WORK","Work",26,94
"AT_WORK","Work",27,88
"AT_WORK","Work",28,83
"AT_WORK","Work",29,68
"AT_WORK","Work",30,48
"AT_WORK","Work",31,57
"AT_WORK","Work",32,58
"AT_WORK","Work",33,41
"AT_WORK","Work",34,33
"AT_WORK","Work",35,43
"AT_WORK","Work",36,41
"AT_WORK","Work",37,31
"AT_WORK","Work",38,25
"AT_WORK","Work",39,20
"AT_WORK","Work",40,23
"AT_WORK","Work",41,21
"AT_WORK","Work",42,13
"AT_WORK","Work",43,16
"AT_WORK","Work",44,11
"AT_WORK","Work",45,13
"AT_WORK","Work",46,4
"AT_WORK","Work",47,6
"AT_WORK","Work",48,6
"AT_WORK","Work",49,3
"AT_WORK","Work",50,3
"AT_WORK","Work",51,2
"AT_WORK","Work",52,4
"AT_WORK","Work",53,3
"AT_WORK","Work",55,1
"AT_WORK","Work",56,3
"AT_WORK","Work",57,1
"AT_WORK","Work",58,1
"AT_WORK","Work",59,1
"AT_WORK","Work",60,2
"AT_WORK","Work",62,1
"AT_WORK","Work",63,1
"AT_WORK","Work",76,1
